City_ID,City,Country,Date,Lat,Lng,Max Temp,Humidity,Cloudiness,Wind Speed
0,Hithadhoo,MV,2021-07-22 20:37:28,-0.6,73.0833,79.23,83,100,11.45
1,Ushuaia,AR,2021-07-22 20:32:54,-54.8,-68.3,44.26,76,40,10.36
2,Kapaa,US,2021-07-22 20:33:09,22.0752,-159.319,82.72,76,75,4.0
3,Atuona,PF,2021-07-22 20:37:29,-9.8,-139.0333,77.45,70,93,9.91
4,Hami,CN,2021-07-22 20:37:29,42.8,93.45,87.53,38,94,24.7
5,Saint-Philippe,RE,2021-07-22 20:33:25,-21.3585,55.7679,67.55,75,43,12.08
6,Rikitea,PF,2021-07-22 20:37:30,-23.1203,-134.9692,73.49,72,15,18.12
7,Puebloviejo,CO,2021-07-22 20:37:30,10.9938,-74.2844,98.78,44,40,11.5
8,Codrington,AU,2021-07-22 20:37:30,-38.2667,141.9667,41.32,98,100,9.57
9,Pacific Grove,US,2021-07-22 20:37:31,36.6177,-121.9166,86.16,81,40,3.0
10,Ribeira Grande,PT,2021-07-22 20:37:31,38.5167,-28.7,72.0,60,20,4.61
11,Gorom-Gorom,BF,2021-07-22 20:34:30,14.4439,-0.2361,93.22,37,22,5.03
12,Georgetown,MY,2021-07-22 20:37:32,5.4112,100.3354,84.13,84,20,0.0
13,Port Alfred,ZA,2021-07-22 20:32:55,-33.5906,26.891,52.2,68,96,24.09
14,Khatanga,RU,2021-07-22 20:37:33,71.9667,102.5,53.62,87,58,8.41
15,Surt,LY,2021-07-22 20:37:33,31.2089,16.5887,80.06,68,0,10.96
16,Tolmachevo,RU,2021-07-22 20:37:33,54.9824,82.7363,60.42,100,0,6.71
17,Albany,US,2021-07-22 20:36:47,42.6001,-73.9662,80.85,51,99,7.0
18,Portland,US,2021-07-22 20:37:04,45.5234,-122.6762,80.71,45,20,3.0
19,Tasiilaq,GL,2021-07-22 20:32:41,65.6145,-37.6368,44.76,97,100,6.87
20,Muana,BR,2021-07-22 20:37:34,-1.5283,-49.2167,83.3,68,91,4.54
21,Fairbanks,US,2021-07-22 20:35:04,64.8378,-147.7164,78.6,49,1,5.75
22,Nipawin,CA,2021-07-22 20:37:35,53.3668,-104.0009,86.04,62,1,10.36
23,Mataura,NZ,2021-07-22 20:37:35,-46.1927,168.8643,39.47,95,13,3.09
24,Port Augusta,AU,2021-07-22 20:37:36,-32.5,137.7667,49.71,89,65,10.69
25,Kruisfontein,ZA,2021-07-22 20:37:36,-34.0033,24.7314,43.88,76,99,10.54
26,Puerto Ayora,EC,2021-07-22 20:37:36,-0.7393,-90.3518,80.56,87,97,8.01
27,Birsk,RU,2021-07-22 20:37:37,55.4211,55.5428,58.66,91,100,13.0
28,Sao Filipe,CV,2021-07-22 20:37:37,14.8961,-24.4956,74.98,88,20,6.93
29,Iquique,CL,2021-07-22 20:37:38,-20.2208,-70.1431,60.84,71,23,4.9
30,Upernavik,GL,2021-07-22 20:37:38,72.7868,-56.1549,40.91,92,100,2.51
31,Busselton,AU,2021-07-22 20:37:39,-33.65,115.3333,54.09,73,100,21.59
32,Avarua,CK,2021-07-22 20:37:39,-21.2078,-159.775,78.85,78,17,5.75
33,Ramhormoz,IR,2021-07-22 20:37:40,31.28,49.6035,102.74,15,3,8.3
34,Hermanus,ZA,2021-07-22 20:32:42,-34.4187,19.2345,45.9,76,29,9.48
35,Husavik,IS,2021-07-22 20:37:40,66.0449,-17.3389,58.91,72,56,1.03
36,Menongue,AO,2021-07-22 20:37:41,-14.6585,17.691,52.09,25,94,4.76
37,Punta Arenas,CL,2021-07-22 20:33:27,-53.15,-70.9167,41.11,75,40,6.91
38,Kawalu,ID,2021-07-22 20:33:34,-7.3817,108.2082,71.73,93,86,0.47
39,Bethel,US,2021-07-22 20:37:42,41.3712,-73.414,81.68,61,75,1.01
40,Ponta Do Sol,PT,2021-07-22 20:37:42,32.6667,-17.1,77.72,69,25,4.9
41,Florianopolis,BR,2021-07-22 20:33:04,-27.6146,-48.5012,64.36,77,0,6.91
42,San Andres,CO,2021-07-22 20:37:42,12.5847,-81.7006,86.02,74,40,18.41
43,Pisco,PE,2021-07-22 20:37:43,-13.7,-76.2167,64.45,77,75,8.05
44,Mattru,SL,2021-07-22 20:37:43,7.6244,-11.8332,73.85,96,98,3.06
45,Talnakh,RU,2021-07-22 20:37:44,69.4865,88.3972,53.92,88,95,4.61
46,Urdoma,RU,2021-07-22 20:37:44,61.7533,48.5442,48.24,64,32,3.53
47,Edd,ER,2021-07-22 20:37:44,13.9297,41.6925,88.41,67,100,5.88
48,Padang,ID,2021-07-22 20:37:45,-0.9492,100.3543,76.32,86,83,3.94
49,Sasolburg,ZA,2021-07-22 20:37:45,-26.8136,27.817,31.51,54,0,8.08
50,Eyl,SO,2021-07-22 20:37:45,7.9803,49.8164,80.01,71,54,30.15
51,Mahajanga,MG,2021-07-22 20:37:46,-15.7167,46.3167,71.62,49,20,8.05
52,Saskylakh,RU,2021-07-22 20:37:46,71.9167,114.0833,56.37,83,91,6.22
53,Raquira,CO,2021-07-22 20:37:47,5.5379,-73.632,63.27,77,81,5.28
54,Chimbote,PE,2021-07-22 20:37:47,-9.0853,-78.5783,67.37,74,33,10.56
55,Meulaboh,ID,2021-07-22 20:37:47,4.1363,96.1285,76.64,90,98,4.43
56,Carnarvon,AU,2021-07-22 20:37:48,-24.8667,113.6333,53.67,78,5,4.61
57,Salalah,OM,2021-07-22 20:37:48,17.0151,54.0924,78.89,94,75,10.36
58,Bambous Virieux,MU,2021-07-22 20:37:48,-20.3428,57.7575,70.05,73,20,12.66
59,Qaanaaq,GL,2021-07-22 20:37:49,77.484,-69.3632,45.19,64,43,1.63
60,Kahului,US,2021-07-22 20:37:49,20.8947,-156.47,83.46,69,40,18.41
61,Cape Town,ZA,2021-07-22 20:37:08,-33.9258,18.4232,49.1,66,0,11.5
62,Dillon,US,2021-07-22 20:37:49,34.4166,-79.3712,94.82,38,2,3.42
63,Port Elizabeth,ZA,2021-07-22 20:32:51,-33.918,25.5701,50.29,71,75,14.97
64,Coquimbo,CL,2021-07-22 20:33:16,-29.9533,-71.3436,53.33,87,75,10.36
65,Kenai,US,2021-07-22 20:37:50,60.5544,-151.2583,60.03,94,90,10.36
66,Constitucion,CL,2021-07-22 20:37:51,-35.3333,-72.4167,57.2,78,100,10.58
67,Pevek,RU,2021-07-22 20:37:51,69.7008,170.3133,40.14,72,93,2.28
68,Sao Jose Da Coroa Grande,BR,2021-07-22 20:37:51,-8.8978,-35.1478,74.91,77,0,10.67
69,Hobart,AU,2021-07-22 20:37:52,-42.8794,147.3294,51.26,67,75,5.01
70,Katsuura,JP,2021-07-22 20:37:52,35.1333,140.3,80.11,81,17,3.47
71,Kodiak,US,2021-07-22 20:33:40,57.79,-152.4072,54.91,88,90,9.22
72,Peniche,PT,2021-07-22 20:37:53,39.3558,-9.3811,69.28,84,95,7.2
73,Mao,ES,2021-07-22 20:37:53,39.8885,4.2658,77.56,83,0,3.44
74,Saint-Pierre,RE,2021-07-22 20:37:53,-21.3393,55.4781,67.64,68,0,6.91
75,Kungurtug,RU,2021-07-22 20:37:54,50.5994,97.5228,56.91,74,89,1.9
76,Andapa,MG,2021-07-22 20:37:54,-14.65,49.65,61.75,92,53,2.57
77,Aksu,CN,2021-07-22 20:37:55,41.1231,80.2644,69.31,68,6,7.11
78,Itarema,BR,2021-07-22 20:33:26,-2.9248,-39.9167,79.32,77,7,17.74
79,Ponta Delgada,PT,2021-07-22 20:37:56,37.7333,-25.6667,70.52,68,20,8.05
80,Zarubino,RU,2021-07-22 20:37:56,42.63,131.0922,74.71,88,100,3.18
81,Iqaluit,CA,2021-07-22 20:37:56,63.7506,-68.5145,53.33,76,75,5.99
82,Candido Mendes,BR,2021-07-22 20:37:57,-1.4467,-45.7167,77.7,82,21,5.01
83,Susuman,RU,2021-07-22 20:37:57,62.7833,148.1667,53.46,94,100,3.96
84,Bredasdorp,ZA,2021-07-22 20:37:57,-34.5322,20.0403,40.32,87,20,0.0
85,Lavrentiya,RU,2021-07-22 20:37:58,65.5833,-171.0,40.15,83,100,4.5
86,Dikson,RU,2021-07-22 20:37:58,73.5069,80.5464,38.34,99,100,23.55
87,Rawson,AR,2021-07-22 20:33:48,-43.3002,-65.1023,58.06,34,100,9.06
88,Chabahar,IR,2021-07-22 20:37:59,25.2919,60.643,88.34,77,0,16.96
89,Bintulu,MY,2021-07-22 20:37:59,3.1667,113.0333,77.41,94,20,3.0
90,Dakoro,NE,2021-07-22 20:37:59,14.5106,6.765,87.75,47,58,10.89
91,Nikolskoye,RU,2021-07-22 20:33:05,59.7035,30.7861,64.8,79,94,4.25
92,Castro,BR,2021-07-22 20:38:00,-24.7911,-50.0119,53.28,62,0,4.29
93,Bata,GQ,2021-07-22 20:38:00,1.8639,9.7658,78.66,83,40,10.36
94,Jamestown,US,2021-07-22 20:34:25,42.097,-79.2353,74.52,46,1,8.05
95,Oleksandrivka,UA,2021-07-22 20:38:01,48.9634,32.2349,60.64,70,0,7.83
96,Tuktoyaktuk,CA,2021-07-22 20:38:01,69.4541,-133.0374,53.6,94,90,14.97
97,Umm Lajj,SA,2021-07-22 20:38:02,25.0213,37.2685,85.96,67,6,8.7
98,Oranjestad,AW,2021-07-22 20:37:34,12.524,-70.027,87.75,66,40,24.16
99,Blagoyevo,RU,2021-07-22 20:38:02,63.3667,47.9167,49.66,74,83,4.29
100,Provideniya,RU,2021-07-22 20:38:03,64.3833,-173.3,42.91,81,90,8.95
101,East London,ZA,2021-07-22 20:38:03,-33.0153,27.9116,52.39,68,100,23.35
102,Saint Anthony,US,2021-07-22 20:38:03,45.0205,-93.218,84.52,57,75,10.36
103,Nizhniy Kuranakh,RU,2021-07-22 20:38:04,58.8353,125.4869,62.44,93,100,2.59
104,Vaini,TO,2021-07-22 20:33:25,-21.2,-175.2,75.36,88,20,5.75
105,New Norfolk,AU,2021-07-22 20:38:05,-42.7826,147.0587,50.92,69,100,1.99
106,Saint George,US,2021-07-22 20:38:05,37.1041,-113.5841,98.33,39,20,4.0
107,Madang,PG,2021-07-22 20:38:05,-5.2246,145.7966,76.77,91,95,1.9
108,Clyde River,CA,2021-07-22 20:38:06,70.4692,-68.5914,41.23,93,75,6.91
109,Sitka,US,2021-07-22 20:38:06,57.0531,-135.33,57.09,82,90,10.36
110,Alta Floresta,BR,2021-07-22 20:38:06,-9.8756,-56.0861,94.82,24,0,5.75
111,Naze,JP,2021-07-22 20:38:07,28.3667,129.4833,77.38,90,100,25.93
112,Barrow,US,2021-07-22 20:38:07,71.2906,-156.7887,37.42,87,90,12.66
113,Bluff,NZ,2021-07-22 20:38:08,-46.6,168.3333,39.79,80,32,12.57
114,Ravar,IR,2021-07-22 20:38:08,31.2656,56.8055,85.35,13,0,3.91
115,Butaritari,KI,2021-07-22 20:38:09,3.0707,172.7902,83.66,75,29,16.46
116,Galesong,ID,2021-07-22 20:38:09,-5.3166,119.3661,75.22,78,100,6.15
117,Churapcha,RU,2021-07-22 20:38:10,62.0025,132.4325,64.69,69,100,1.3
118,Flinders,AU,2021-07-22 20:38:10,-34.5833,150.8552,54.37,67,100,7.0
119,Joao Pinheiro,BR,2021-07-22 20:36:19,-17.7425,-46.1725,72.46,34,43,5.7
120,Cherskiy,RU,2021-07-22 20:38:11,68.75,161.3,57.65,73,99,1.23
121,Mar Del Plata,AR,2021-07-22 20:38:11,-38.0023,-57.5575,60.82,59,0,9.22
122,Hilo,US,2021-07-22 20:37:51,19.7297,-155.09,87.28,88,90,6.91
123,Hasaki,JP,2021-07-22 20:38:12,35.7333,140.8333,75.49,81,26,4.03
124,Esperance,AU,2021-07-22 20:38:12,-33.8667,121.9,49.84,74,1,18.5
125,Yangjiang,CN,2021-07-22 20:38:12,21.85,111.9667,77.13,93,79,3.74
126,Herat,AF,2021-07-22 20:38:13,34.5,62.0,81.66,17,0,13.58
127,Karwar,IN,2021-07-22 20:38:13,14.8,74.1333,77.92,81,100,13.96
128,Puerto Lopez,CO,2021-07-22 20:38:14,4.0845,-72.956,70.79,99,100,3.67
129,Bathsheba,BB,2021-07-22 20:38:14,13.2167,-59.5167,84.81,74,75,20.71
130,Chokurdakh,RU,2021-07-22 20:38:15,70.6333,147.9167,44.44,64,2,7.38
131,Dhidhdhoo,MV,2021-07-22 20:34:48,6.8833,73.1,82.54,77,100,19.26
132,Kaitangata,NZ,2021-07-22 20:38:15,-46.2817,169.8464,40.93,82,10,6.4
133,Katobu,ID,2021-07-22 20:38:16,-4.9408,122.5276,71.76,95,80,2.04
134,Bakchar,RU,2021-07-22 20:38:16,57.0186,82.0711,63.55,73,47,3.65
135,Comodoro Rivadavia,AR,2021-07-22 20:38:17,-45.8667,-67.5,64.26,42,0,11.5
136,Burns Lake,CA,2021-07-22 20:38:17,54.2331,-125.7533,58.42,43,99,14.14
137,Marzuq,YE,2021-07-22 20:38:17,14.4,46.4667,78.37,58,58,6.11
138,Naryan-Mar,RU,2021-07-22 20:38:18,67.6713,53.087,50.14,82,98,15.79
139,Bonavista,CA,2021-07-22 20:38:18,48.6499,-53.1147,55.4,87,83,11.23
140,Tilichiki,RU,2021-07-22 20:34:39,60.4667,166.1,59.7,63,100,1.05
141,Cabra,ES,2021-07-22 20:38:18,37.4725,-4.4421,90.84,24,0,5.73
142,Alekseyevsk,RU,2021-07-22 20:38:19,57.8406,108.3492,55.54,98,36,2.95
143,Najran,SA,2021-07-22 20:38:19,17.4924,44.1277,77.65,65,76,14.25
144,Hamilton,US,2021-07-22 20:36:51,39.1834,-84.5333,83.25,50,1,1.01
145,Lumeje,AO,2021-07-22 20:38:20,-11.55,20.7833,61.83,24,1,6.44
146,Severo-Kurilsk,RU,2021-07-22 20:38:20,50.6789,156.125,52.72,88,67,3.27
147,Longyearbyen,SJ,2021-07-22 20:38:20,78.2186,15.6401,46.24,71,75,18.41
148,Kilimatinde,TZ,2021-07-22 20:38:21,-5.85,34.95,66.83,66,44,4.43
149,Molchanovo,RU,2021-07-22 20:38:21,57.5817,83.7692,59.94,81,2,4.18
150,Villa Carlos Paz,AR,2021-07-22 20:38:21,-31.4241,-64.4978,72.68,37,91,11.01
151,Isangel,VU,2021-07-22 20:38:22,-19.55,169.2667,75.7,84,94,8.93
152,Bealanana,MG,2021-07-22 20:38:22,-14.55,48.7333,51.76,93,33,2.8
153,Qui Nhon,VN,2021-07-22 20:38:23,13.7667,109.2333,84.0,68,100,14.88
154,Airai,TL,2021-07-22 20:38:23,-8.9266,125.4092,54.73,40,7,2.59
155,Yellowknife,CA,2021-07-22 20:37:46,62.456,-114.3525,68.52,68,75,10.36
156,Quatre Cocos,MU,2021-07-22 20:38:24,-20.2078,57.7625,69.91,70,50,16.22
157,Napasar,IN,2021-07-22 20:38:24,27.9667,73.55,91.24,55,90,9.64
158,Vostok,RU,2021-07-22 20:38:24,46.4856,135.8833,71.17,82,97,3.13
159,Leningradskiy,RU,2021-07-22 20:34:11,69.3833,178.4167,40.03,81,76,7.83
160,Loikaw,MM,2021-07-22 20:38:25,19.6742,97.2094,69.17,94,100,3.33
161,Harper,LR,2021-07-22 20:38:25,4.375,-7.7169,76.98,79,87,9.86
162,Luderitz,NA,2021-07-22 20:38:26,-26.6481,15.1594,58.28,34,5,10.54
163,Saint-Louis,SN,2021-07-22 20:38:26,16.3333,-15.0,83.28,45,35,19.48
164,Thompson,CA,2021-07-22 20:38:10,55.7435,-97.8558,80.76,54,40,9.22
165,San Ramon De La Nueva Oran,AR,2021-07-22 20:38:26,-23.1322,-64.326,77.38,28,0,4.23
166,Kaeo,NZ,2021-07-22 20:38:27,-35.1,173.7833,48.33,97,47,2.57
167,Ambilobe,MG,2021-07-22 20:38:27,-13.2,49.05,64.72,69,0,3.67
168,Marystown,CA,2021-07-22 20:38:28,47.1666,-55.1483,61.57,81,98,7.18
169,San Patricio,US,2021-07-22 20:38:28,28.017,-97.5169,91.29,50,72,14.67
170,Torbay,CA,2021-07-22 20:33:32,47.6666,-52.7314,54.55,97,90,11.5
171,Makakilo City,US,2021-07-22 20:38:29,21.3469,-158.0858,84.52,57,75,10.36
172,Qasigiannguit,GL,2021-07-22 20:38:29,68.8193,-51.1922,46.65,90,100,4.83
173,Tazovskiy,RU,2021-07-22 20:38:29,67.4667,78.7,42.76,89,58,8.39
174,Ngunguru,NZ,2021-07-22 20:38:30,-35.6167,174.5,48.16,87,19,6.04
175,Campos Belos,BR,2021-07-22 20:38:30,-13.0367,-46.7717,79.39,31,10,5.17
176,Piracaia,BR,2021-07-22 20:38:30,-23.0539,-46.3581,67.24,48,0,4.16
177,Angoche,MZ,2021-07-22 20:38:31,-16.2325,39.9086,74.23,82,94,8.68
178,The Valley,AI,2021-07-22 20:38:31,18.217,-63.0578,85.86,79,20,17.27
179,Kars,TR,2021-07-22 20:38:31,40.602,43.095,63.45,82,75,6.91
180,Half Moon Bay,US,2021-07-22 20:38:32,37.4636,-122.4286,91.92,67,20,11.5
181,Hambantota,LK,2021-07-22 20:38:32,6.1241,81.1185,80.33,78,100,21.18
182,Skibbereen,IE,2021-07-22 20:38:33,51.55,-9.2667,69.6,90,53,11.65
183,Ancud,CL,2021-07-22 20:38:33,-41.8697,-73.8203,54.93,94,100,8.66
184,Ilembo,TZ,2021-07-22 20:38:33,-9.25,33.3833,49.87,97,30,3.76
185,Nanuque,BR,2021-07-22 20:38:34,-17.8392,-40.3539,71.65,65,86,13.11
186,Mehamn,NO,2021-07-22 20:38:35,71.0357,27.8492,44.51,81,75,21.85
187,Zhangye,CN,2021-07-22 20:38:35,38.9342,100.4517,79.32,35,7,5.86
188,Touros,BR,2021-07-22 20:38:04,-5.1989,-35.4608,79.7,80,54,15.9
189,Sobolevo,RU,2021-07-22 20:38:35,54.4299,31.8996,55.09,74,14,7.07
190,Statesboro,US,2021-07-22 20:34:54,32.4488,-81.7832,89.91,58,75,3.44
191,Boca Do Acre,BR,2021-07-22 20:38:36,-8.7522,-67.3978,92.68,29,0,2.53
192,Atambua,ID,2021-07-22 20:38:36,-9.1061,124.8925,66.04,71,2,4.41
193,Black Forest,US,2021-07-22 20:38:37,39.0131,-104.7008,89.22,33,75,3.0
194,Jacqueville,CI,2021-07-22 20:38:37,5.2052,-4.4146,78.71,84,100,13.24
195,Sept-Iles,CA,2021-07-22 20:38:31,50.2001,-66.3821,68.52,74,75,5.01
196,Kantemirovka,RU,2021-07-22 20:38:38,49.7089,39.8592,63.3,72,49,8.12
197,Puerto Princesa,PH,2021-07-22 20:38:38,9.7392,118.7353,80.11,76,100,6.2
198,Rafai,CF,2021-07-22 20:38:39,4.95,23.9167,68.63,99,99,2.19
199,Mata,PT,2021-07-22 20:38:39,40.683,-7.4592,65.77,66,70,6.87
200,Boueni,YT,2021-07-22 20:38:39,-12.9025,45.0761,71.58,65,1,9.86
201,Kattivakkam,IN,2021-07-22 20:38:40,13.2167,80.3167,80.69,61,100,19.69
202,Haines Junction,CA,2021-07-22 20:38:40,60.7522,-137.5108,62.55,48,66,5.75
203,Bud,US,2021-07-22 20:38:40,39.447,-86.1758,83.84,72,92,6.49
204,Trelew,AR,2021-07-22 20:38:41,-43.249,-65.3051,58.51,28,100,8.39
205,Faanui,PF,2021-07-22 20:38:41,-16.4833,-151.75,78.94,67,57,14.7
206,Emba,KZ,2021-07-22 20:38:41,48.8264,58.1442,84.58,32,14,8.52
207,Buala,SB,2021-07-22 20:38:42,-8.145,159.5921,81.09,82,41,6.64
208,Dingli,MT,2021-07-22 20:38:42,35.8614,14.3822,79.81,44,0,6.91
209,Lasa,IT,2021-07-22 20:38:42,46.6166,10.7002,67.08,82,21,2.1
210,Sorland,NO,2021-07-22 20:38:43,67.667,12.6934,46.47,78,100,12.55
211,Nicoya,CR,2021-07-22 20:38:43,10.1483,-85.452,87.35,82,100,11.41
212,Shingu,JP,2021-07-22 20:38:44,33.7333,135.9833,76.91,87,78,5.26
213,Xique-Xique,BR,2021-07-22 20:38:44,-10.8218,-42.7263,81.7,44,8,11.92
214,Puerto Rico,AR,2021-07-22 20:38:44,-26.796,-55.024,67.23,55,0,1.81
215,Riyadh,SA,2021-07-22 20:37:05,24.6877,46.7219,91.54,27,99,5.03
216,Senanga,ZM,2021-07-22 20:38:45,-16.1167,23.2667,54.7,26,41,7.43
217,Gushikawa,JP,2021-07-22 20:38:45,26.3544,127.8686,81.63,96,75,25.32
218,Gornyak,RU,2021-07-22 20:38:45,50.9942,81.4661,64.02,92,72,3.44
219,Malaya Serdoba,RU,2021-07-22 20:38:46,52.4661,44.9512,59.16,85,21,6.35
220,Te Anau,NZ,2021-07-22 20:38:46,-45.4167,167.7167,35.38,90,43,0.81
221,San Quintin,MX,2021-07-22 20:38:47,30.4833,-115.95,75.6,70,5,11.83
222,Morondava,MG,2021-07-22 20:38:47,-20.2833,44.2833,74.16,75,91,11.77
223,Saint-Augustin,CA,2021-07-22 20:36:53,51.226,-58.6502,51.12,84,100,13.49
224,Port Hardy,CA,2021-07-22 20:38:40,50.6996,-127.4199,59.18,82,75,8.05
225,Brokopondo,SR,2021-07-22 20:38:48,4.75,-55.1667,85.53,66,68,5.06
226,Northam,GB,2021-07-22 20:38:48,51.0333,-4.2167,73.09,80,99,8.59
227,Verkhnyaya Sinyachikha,RU,2021-07-22 20:38:49,57.976,61.6673,64.15,98,100,5.08
228,Kamen-Na-Obi,RU,2021-07-22 20:38:49,53.7884,81.3423,60.75,84,10,6.76
229,Sakakah,SA,2021-07-22 20:38:50,29.9697,40.2064,92.77,17,0,7.85
230,Lompoc,US,2021-07-22 20:38:50,34.6391,-120.4579,88.79,71,75,14.97
231,Bandarbeyla,SO,2021-07-22 20:38:50,9.4942,50.8122,78.1,82,86,33.29
232,Twin Falls,US,2021-07-22 20:38:51,42.3505,-114.6445,80.94,26,1,12.66
233,Brae,GB,2021-07-22 20:38:51,60.3964,-1.353,53.51,79,99,6.78
234,Lebu,CL,2021-07-22 20:38:52,-37.6167,-73.65,52.92,82,100,6.46
235,Bosaso,SO,2021-07-22 20:38:52,11.2842,49.1816,92.17,42,4,11.36
236,Margate,GB,2021-07-22 20:38:52,51.3813,1.3862,64.69,81,5,1.01
237,Lorengau,PG,2021-07-22 20:38:53,-2.0226,147.2712,81.63,79,49,3.31
238,Dingle,PH,2021-07-22 20:38:02,10.9995,122.6711,77.56,85,100,13.15
239,Praia,CV,2021-07-22 20:33:58,14.9215,-23.5087,79.34,73,20,11.5
240,San Cristobal,VE,2021-07-22 20:38:36,7.7669,-72.225,71.78,96,99,4.88
241,Marawi,PH,2021-07-22 20:34:07,7.9986,124.2928,69.66,89,100,6.53
242,Fairview,US,2021-07-22 20:38:54,40.8126,-73.999,82.99,45,90,0.0
243,Pop,UZ,2021-07-22 20:38:54,40.8736,71.1089,79.29,30,1,6.31
244,Bom Jesus,BR,2021-07-22 20:38:55,-9.0744,-44.3586,84.92,28,0,7.2
245,Norman Wells,CA,2021-07-22 20:38:55,65.282,-126.8329,73.44,56,75,14.97
246,Lakes Entrance,AU,2021-07-22 20:38:55,-37.8811,147.981,43.18,68,100,5.1
247,Kuala Lipis,MY,2021-07-22 20:38:56,4.1842,102.0468,73.76,94,99,1.01
248,Winnemucca,US,2021-07-22 20:38:56,40.973,-117.7357,93.25,10,1,11.5
249,Ternate,ID,2021-07-22 20:38:56,0.8,127.4,80.78,81,94,10.33
250,Pacifica,US,2021-07-22 20:38:57,37.6138,-122.4869,91.74,79,20,1.01
251,Kirakira,SB,2021-07-22 20:38:57,-10.4544,161.9205,80.65,83,35,6.85
252,Warrington,GB,2021-07-22 20:38:57,53.3925,-2.5802,78.91,70,88,1.01
253,Laguna,US,2021-07-22 20:38:58,38.421,-121.4238,103.44,33,1,1.99
254,Ormara,PK,2021-07-22 20:38:58,25.2088,64.6357,82.85,89,41,7.31
255,Taman,RU,2021-07-22 20:34:50,45.2117,36.7161,66.52,78,78,21.63
256,Matara,LK,2021-07-22 20:38:58,5.9485,80.5353,78.69,87,100,15.26
257,Saint-Maximin-La-Sainte-Baume,FR,2021-07-22 20:38:59,43.4521,5.8622,75.25,66,0,3.38
258,Nuevo Ideal,MX,2021-07-22 20:38:59,24.8875,-105.0728,73.24,51,62,2.98
259,Srednekolymsk,RU,2021-07-22 20:38:59,67.45,153.6833,61.12,52,27,10.42
260,Lamesa,US,2021-07-22 20:39:00,32.7376,-101.951,91.08,23,6,11.32
261,High Rock,BS,2021-07-22 20:39:00,26.6208,-78.2833,84.94,70,100,4.0
262,Diveyevo,RU,2021-07-22 20:39:00,55.0433,43.2418,55.38,48,11,7.02
263,Nexo,DK,2021-07-22 20:39:01,55.0607,15.1306,64.49,76,0,12.26
264,Mandera,KE,2021-07-22 20:39:01,3.9366,41.867,81.41,44,35,26.96
265,Prerov,CZ,2021-07-22 20:39:02,49.4551,17.4509,64.96,73,0,5.01
266,Necochea,AR,2021-07-22 20:39:02,-38.5473,-58.7368,65.03,59,100,8.84
267,Nome,US,2021-07-22 20:39:02,64.5011,-165.4064,49.15,71,90,16.11
268,Puerto Escondido,MX,2021-07-22 20:39:03,15.85,-97.0667,90.43,58,40,8.05
269,Tecozautla,MX,2021-07-22 20:39:03,20.5333,-99.6333,75.76,52,79,10.07
270,Puerto Maldonado,PE,2021-07-22 20:39:04,-12.6,-69.1833,86.4,48,0,2.3
271,Arlit,NE,2021-07-22 20:39:05,18.7369,7.3853,82.29,61,100,29.12
272,Mount Gambier,AU,2021-07-22 20:38:07,-37.8333,140.7667,42.71,93,90,6.91
273,Lambarene,GA,2021-07-22 20:39:05,-0.7001,10.2406,73.83,78,80,7.25
274,Inyonga,TZ,2021-07-22 20:39:06,-6.7167,32.0667,66.13,46,4,4.83
275,Geraldton,AU,2021-07-22 20:39:06,-28.7667,114.6,54.01,94,90,9.22
276,Desbiens,CA,2021-07-22 20:39:06,48.4178,-71.9495,70.45,56,100,6.02
277,Zelenogorskiy,RU,2021-07-22 20:39:07,55.0333,87.0,64.92,64,62,6.82
278,Cuamba,MZ,2021-07-22 20:39:07,-14.8031,36.5372,74.73,44,100,3.62
279,Santa Maria,BR,2021-07-22 20:37:43,-29.6842,-53.8069,65.5,63,0,6.91
280,Bengkulu,ID,2021-07-22 20:39:08,-3.8004,102.2655,75.02,86,47,3.49
281,Vardo,NO,2021-07-22 20:39:08,70.3705,31.1107,43.0,93,75,32.21
282,Chuy,UY,2021-07-22 20:39:09,-33.6971,-53.4616,51.55,75,99,4.97
283,Sidney,AU,2021-07-22 20:36:44,-33.8679,151.2073,52.9,78,100,5.01
284,Sydney,AU,2021-07-22 20:35:04,-33.8679,151.2073,52.9,77,100,4.0
285,Kavaratti,IN,2021-07-22 20:39:09,10.5669,72.642,81.97,81,100,23.89
286,Langenhagen,DE,2021-07-22 20:39:10,52.45,9.75,65.32,74,0,3.44
287,Klaksvik,FO,2021-07-22 20:39:10,62.2266,-6.589,49.12,92,97,7.74
288,Nioro,GM,2021-07-22 20:39:10,13.35,-15.75,80.2,76,38,12.39
289,Ivankiv,UA,2021-07-22 20:39:11,50.9386,29.8943,62.83,68,0,6.38
290,Payo,ID,2021-07-22 20:39:11,-3.7508,103.6372,71.94,97,66,1.77
291,Kasongo-Lunda,CD,2021-07-22 20:38:41,-6.4667,16.8167,73.04,25,40,1.32
292,Sabang,ID,2021-07-22 20:39:12,5.8933,95.3214,82.98,77,100,22.66
293,Phan Thiet,VN,2021-07-22 20:37:54,10.9333,108.1,76.91,88,100,10.92
294,Melfort,CA,2021-07-22 20:39:12,52.8667,-104.6177,87.93,33,39,12.66
295,Kloulklubed,PW,2021-07-22 20:39:12,7.0419,134.2556,82.9,78,100,16.44
296,Kayerkan,RU,2021-07-22 20:39:13,69.3497,87.7602,51.06,86,100,8.48
297,Viedma,AR,2021-07-22 20:39:13,-40.8135,-62.9967,60.42,30,92,9.4
298,Lock Haven,US,2021-07-22 20:39:14,41.137,-77.4469,81.99,42,91,4.9
299,Narsaq,GL,2021-07-22 20:39:14,60.9167,-46.05,57.42,79,49,9.19
300,Mahebourg,MU,2021-07-22 20:39:15,-20.4081,57.7,70.25,73,20,12.66
301,Krasnyy Oktyabr,RU,2021-07-22 20:39:15,56.1167,38.8833,62.29,63,51,4.79
302,Loandjili,CG,2021-07-22 20:39:15,-4.7561,11.8578,71.71,88,20,4.61
303,Erenhot,CN,2021-07-22 20:39:16,43.6475,111.9767,78.62,50,87,6.98
304,Acari,PE,2021-07-22 20:34:31,-15.4311,-74.6158,71.24,60,4,7.43
305,Bungu,TZ,2021-07-22 20:39:16,-7.6337,39.0582,68.88,94,37,3.89
306,Ossora,RU,2021-07-22 20:39:17,59.2353,163.0719,60.51,72,100,3.42
307,Antalaha,MG,2021-07-22 20:39:17,-14.9003,50.2788,68.11,91,85,7.05
308,Mangrol,IN,2021-07-22 20:39:18,21.1167,70.1167,82.47,85,100,19.06
309,Loukhi,RU,2021-07-22 20:39:18,66.0764,33.0381,43.07,84,12,5.86
310,Poum,NC,2021-07-22 20:39:18,-20.2333,164.0167,70.48,73,2,9.51
311,Tucurui,BR,2021-07-22 20:39:19,-3.7661,-49.6725,84.31,53,46,2.59
312,Svetlyy,RU,2021-07-22 20:39:19,54.675,20.1347,60.85,84,66,6.8
313,Vertientes,CU,2021-07-22 20:39:19,21.2594,-78.1464,93.81,56,7,12.24
314,Itum-Kale,RU,2021-07-22 20:39:20,42.7356,45.5758,65.84,92,56,0.81
315,Egvekinot,RU,2021-07-22 20:39:20,66.3167,-179.1667,42.98,74,94,1.23
316,Hervey Bay,AU,2021-07-22 20:39:20,-25.2986,152.8535,49.03,83,34,4.45
317,Juneau,US,2021-07-22 20:39:21,58.3019,-134.4197,60.85,93,90,17.27
318,Miri,MY,2021-07-22 20:37:31,4.4148,114.0089,75.34,100,40,2.3
319,Billings,US,2021-07-22 20:34:41,45.7833,-108.5007,100.36,32,75,0.0
320,Korla,CN,2021-07-22 20:39:21,41.7597,86.1469,88.03,19,95,6.58
321,Bayonet Point,US,2021-07-22 20:39:22,28.3267,-82.6834,94.41,73,81,5.01
322,Fenyi,CN,2021-07-22 20:39:22,27.8112,114.6681,75.22,82,40,1.92
323,Taldan,RU,2021-07-22 20:39:23,53.6667,124.8,65.73,99,60,5.61
324,Boyolangu,ID,2021-07-22 20:39:23,-8.1181,111.8935,74.05,93,87,3.53
325,Anupgarh,IN,2021-07-22 20:39:23,29.1911,73.2086,93.65,46,63,4.34
326,Richards Bay,ZA,2021-07-22 20:35:47,-28.783,32.0377,61.38,33,0,17.05
327,Ilulissat,GL,2021-07-22 20:39:24,69.2167,-51.1,46.42,76,99,4.61
328,Rocha,UY,2021-07-22 20:39:24,-34.4833,-54.3333,51.51,76,83,6.08
329,Bekhtery,UA,2021-07-22 20:39:25,46.251,32.2927,68.45,50,76,16.44
330,Puerto Leguizamo,CO,2021-07-22 20:39:25,-0.1934,-74.7819,74.79,94,60,2.17
331,Khasan,RU,2021-07-22 20:39:25,42.4308,130.6434,75.24,90,99,3.62
332,Tiksi,RU,2021-07-22 20:39:26,71.6872,128.8694,42.21,79,100,6.13
333,Arica,CL,2021-07-22 20:39:26,-18.475,-70.3042,62.83,67,75,12.66
334,Abidjan,CI,2021-07-22 20:37:22,5.3094,-4.0197,78.76,89,40,8.05
335,Tual,ID,2021-07-22 20:38:05,-5.6667,132.75,79.56,81,98,15.32
336,Izyum,UA,2021-07-22 20:39:27,49.2088,37.2485,68.49,54,100,12.91
337,Murgab,TM,2021-07-22 20:39:27,37.4966,61.9714,84.07,37,0,6.91
338,Baruun-Urt,MN,2021-07-22 20:39:27,46.6806,113.2792,62.73,91,0,10.65
339,Xingyi,CN,2021-07-22 20:39:28,24.1877,102.817,61.36,95,97,1.59
340,Hit,IQ,2021-07-22 20:39:28,33.6416,42.8251,93.97,21,0,9.04
341,Champerico,GT,2021-07-22 20:34:34,14.3,-91.9167,93.74,67,80,8.77
342,Quibor,VE,2021-07-22 20:39:29,9.9287,-69.6201,79.77,53,27,12.33
343,Cap Malheureux,MU,2021-07-22 20:39:29,-19.9842,57.6142,70.47,72,64,7.0
344,Carndonagh,IE,2021-07-22 20:39:30,55.25,-7.2667,68.54,83,100,4.43
345,Tuatapere,NZ,2021-07-22 20:39:30,-46.1333,167.6833,39.81,85,10,5.5
346,Pangnirtung,CA,2021-07-22 20:34:39,66.1451,-65.7125,48.2,81,75,19.57
347,Jalingo,NG,2021-07-22 20:39:31,8.8833,11.3667,74.62,90,100,5.86
348,Khorixas,NA,2021-07-22 20:39:31,-20.3667,14.9667,63.41,22,0,7.38
349,Dangriga,BZ,2021-07-22 20:39:31,16.9692,-88.2321,89.56,69,100,15.93
350,Lagoa,PT,2021-07-22 20:39:32,39.05,-27.9833,67.42,73,0,12.26
351,Junagarh,IN,2021-07-22 20:39:32,19.8667,82.9333,77.56,88,100,6.11
352,Tecoanapa,MX,2021-07-22 20:39:32,16.5167,-98.75,89.76,56,14,10.8
353,Aykhal,RU,2021-07-22 20:39:33,66.0,111.5,60.82,62,100,4.54
354,Vestmannaeyjar,IS,2021-07-22 20:39:33,63.4427,-20.2734,53.8,96,100,19.84
355,Vao,NC,2021-07-22 20:39:34,-22.6667,167.4833,69.3,68,5,5.41
356,Port-Gentil,GA,2021-07-22 20:39:34,-0.7193,8.7815,75.11,75,97,13.49
357,Slave Lake,CA,2021-07-22 20:39:34,55.2834,-114.769,64.38,48,75,14.97
358,Ahipara,NZ,2021-07-22 20:39:35,-35.1667,173.1667,54.14,88,60,4.18
359,Lexington,US,2021-07-22 20:37:20,37.9887,-84.4777,82.92,48,1,1.01
360,Whitehorse,CA,2021-07-22 20:37:05,60.7161,-135.0538,65.17,45,75,4.0
361,Whitecourt,CA,2021-07-22 20:39:35,54.1502,-115.6855,67.24,37,75,12.66
362,Sobral,BR,2021-07-22 20:39:36,-3.6861,-40.3497,87.6,35,43,4.7
363,Ziarat,PK,2021-07-22 20:39:36,30.3823,67.7282,63.46,61,32,2.35
364,Araguaina,BR,2021-07-22 20:39:36,-7.1911,-48.2072,88.52,26,2,5.14
365,Ambon,ID,2021-07-22 20:39:37,-3.6954,128.1814,75.34,100,40,2.3
366,Gat,IL,2021-07-22 20:38:20,31.61,34.7642,79.81,100,0,3.42
367,Jinchang,CN,2021-07-22 20:39:37,38.4953,102.1739,75.45,49,39,3.76
368,Tessalit,ML,2021-07-22 20:39:38,20.1986,1.0114,83.01,49,100,18.41
369,North Myrtle Beach,US,2021-07-22 20:36:12,33.816,-78.68,94.33,75,1,1.99
370,Mazamari,PE,2021-07-22 20:39:38,-11.3258,-74.5308,85.77,42,18,1.3
371,Skelleftea,SE,2021-07-22 20:39:39,64.7507,20.9528,57.56,52,24,10.36
372,Yumen,CN,2021-07-22 20:39:39,40.2833,97.2,79.92,35,18,13.58
373,Morki,RU,2021-07-22 20:39:39,56.4303,48.9947,53.56,93,0,3.51
374,Vila Franca Do Campo,PT,2021-07-22 20:39:40,37.7167,-25.4333,70.21,76,73,6.24
375,Gizo,SB,2021-07-22 20:39:40,-8.103,156.8419,81.05,79,26,4.72
376,Byron Bay,AU,2021-07-22 20:35:57,-28.65,153.6167,59.18,85,93,6.85
377,Balkanabat,TM,2021-07-22 20:39:40,39.5108,54.3671,93.87,14,14,10.16
378,Marfino,RU,2021-07-22 20:39:41,55.7028,37.3822,62.1,59,0,8.95
379,Kudahuvadhoo,MV,2021-07-22 20:39:41,2.6708,72.8944,82.0,75,97,10.76
380,Nyimba,ZM,2021-07-22 20:39:41,-14.5566,30.8149,67.21,43,1,5.3
381,Taoudenni,ML,2021-07-22 20:39:42,22.6783,-3.9836,105.03,13,6,12.86
382,Hobyo,SO,2021-07-22 20:39:42,5.3505,48.5268,77.32,85,5,30.74
383,Punalur,IN,2021-07-22 20:39:43,9.0,76.9333,82.08,88,100,8.48
384,Montbrison,FR,2021-07-22 20:39:43,45.6667,4.0833,75.06,84,0,1.12
385,Dongsheng,CN,2021-07-22 20:39:44,39.8161,109.9776,66.76,85,56,13.4
386,Raudeberg,NO,2021-07-22 20:39:44,61.9875,5.1352,60.4,86,90,20.8
387,Jumla,NP,2021-07-22 20:39:04,29.2747,82.1838,63.57,96,100,1.74
388,Victoria,HK,2021-07-22 20:36:06,22.2855,114.1577,82.94,88,100,4.0
389,Liverpool,GB,2021-07-22 20:35:42,53.4106,-2.9779,78.75,68,96,12.66
390,Vredendal,ZA,2021-07-22 20:39:45,-31.6683,18.5012,47.19,57,1,7.2
391,Shache,CN,2021-07-22 20:39:45,38.4167,77.2406,71.94,51,1,5.77
392,Avera,US,2021-07-22 20:39:46,33.194,-82.5271,92.37,52,66,1.21
393,Williston,US,2021-07-22 20:39:46,48.147,-103.618,97.2,19,62,4.07
394,Petropavlovsk-Kamchatskiy,RU,2021-07-22 20:39:47,53.0452,158.6483,52.39,100,90,4.47
395,Novobelokatay,RU,2021-07-22 20:39:47,55.7062,58.9549,64.45,96,96,11.77
396,Tiarei,PF,2021-07-22 20:39:48,-17.5333,-149.3333,82.42,72,20,12.44
397,Dunedin,NZ,2021-07-22 20:39:48,-45.8742,170.5036,45.81,70,3,5.03
398,Alanya,TR,2021-07-22 20:39:48,36.5438,31.9998,87.49,56,0,2.3
399,Guiratinga,BR,2021-07-22 20:39:49,-16.3494,-53.7583,83.17,24,0,2.46
400,Omsukchan,RU,2021-07-22 20:39:49,62.5333,155.8,47.7,96,100,6.87
401,Barra Patuca,HN,2021-07-22 20:39:49,15.8,-84.2833,84.06,70,4,11.14
402,Zephyrhills,US,2021-07-22 20:35:36,28.2336,-82.1812,96.12,59,1,10.36
403,Viljoenskroon,ZA,2021-07-22 20:39:50,-27.2084,26.9485,30.04,49,0,5.93
404,Nieuw Amsterdam,SR,2021-07-22 20:39:50,5.8833,-55.0833,88.14,84,40,6.91
405,Shchors,UA,2021-07-22 20:39:51,51.8186,31.945,56.71,67,0,3.36
406,Yiyang,CN,2021-07-22 20:39:51,28.5892,112.3283,76.01,90,93,4.97
407,Noumea,NC,2021-07-22 20:35:35,-22.2763,166.4572,69.01,99,31,2.1
408,Rudbar,AF,2021-07-22 20:39:51,30.15,62.6,91.31,14,0,10.45
409,Chinhoyi,ZW,2021-07-22 20:39:52,-17.3667,30.2,57.29,33,20,3.27
410,Souillac,MU,2021-07-22 20:39:52,-20.5167,57.5167,70.36,73,20,12.66
411,Alappuzha,IN,2021-07-22 20:39:52,9.49,76.3264,79.07,84,100,18.07
412,Ariquemes,BR,2021-07-22 20:39:53,-9.9133,-63.0408,93.13,27,0,3.47
413,Saint-Denis,FR,2021-07-22 20:39:54,48.9167,2.3333,78.15,55,0,5.75
414,College,US,2021-07-22 20:37:14,64.8569,-147.8028,81.0,48,40,6.91
415,Balsas,BR,2021-07-22 20:39:54,-7.5325,-46.0356,86.31,23,5,4.99
416,Unai,BR,2021-07-22 20:39:54,-16.3575,-46.9061,74.73,35,15,4.81
417,Boyabat,TR,2021-07-22 20:39:55,41.4689,34.7667,67.69,69,0,9.78
418,Goderich,CA,2021-07-22 20:39:55,43.7501,-81.7165,72.21,64,57,9.22
419,Alofi,NU,2021-07-22 20:39:56,-19.0595,-169.9187,75.09,100,75,6.91
420,Godhra,IN,2021-07-22 20:39:56,22.75,73.6333,82.58,79,100,6.76
421,Ballina,AU,2021-07-22 20:39:57,-28.8667,153.5667,49.96,93,94,0.0
422,Skive,DK,2021-07-22 20:39:57,56.5667,9.0333,60.17,85,49,7.0
423,Menomonie,US,2021-07-22 20:38:51,44.8755,-91.9193,84.97,61,40,8.05
424,Madingou,CG,2021-07-22 20:39:58,-4.1536,13.55,75.02,64,82,4.09
425,Newport,GB,2021-07-22 20:39:58,51.5877,-2.9984,75.31,82,82,5.12
426,Shimanovsk,RU,2021-07-22 20:39:58,52.0,127.7,72.9,91,71,4.34
427,Pringsewu,ID,2021-07-22 20:39:59,-5.3582,104.9744,73.27,98,70,3.02
428,Pathein,MM,2021-07-22 20:39:59,16.7833,94.7333,78.46,91,100,9.89
429,Cidreira,BR,2021-07-22 20:38:16,-30.1811,-50.2056,58.68,81,2,13.44
430,Beloyarskiy,RU,2021-07-22 20:40:00,63.7119,66.6722,55.63,75,100,4.38
431,Channel-Port Aux Basques,CA,2021-07-22 20:40:00,47.5702,-59.1367,58.03,98,100,19.22
432,Sioux Lookout,CA,2021-07-22 20:36:08,50.1001,-91.917,80.67,54,90,9.22
433,Rauma,FI,2021-07-22 20:40:01,61.1272,21.5113,60.84,70,33,17.27
434,Inza,RU,2021-07-22 20:40:01,53.8533,46.3586,55.71,90,1,4.65
435,Puerto Del Rosario,ES,2021-07-22 20:40:03,28.5004,-13.8627,73.15,73,20,18.41
436,Tabuk,PH,2021-07-22 20:40:03,17.4189,121.4443,74.39,91,100,4.36
437,Sao Lourenco Do Sul,BR,2021-07-22 20:40:04,-31.3653,-51.9783,60.85,74,23,7.29
438,Wanaka,NZ,2021-07-22 20:40:04,-44.7,169.15,32.11,99,6,1.01
439,Prieska,ZA,2021-07-22 20:40:04,-29.6641,22.7474,35.37,50,0,8.79
440,Luang Prabang,LA,2021-07-22 20:40:05,19.8856,102.1347,74.17,100,100,2.01
441,Krutaya Gorka,RU,2021-07-22 20:40:05,55.3649,73.2231,69.48,60,3,8.68
442,Camacha,PT,2021-07-22 20:40:06,33.0833,-16.3333,70.56,83,40,23.02
443,Kisangani,CD,2021-07-22 20:40:06,0.5167,25.2,76.06,62,24,3.09
444,Narva-Joesuu,EE,2021-07-22 20:40:06,59.4589,28.0408,64.26,62,100,16.67
445,Saint-Prosper,CA,2021-07-22 20:40:07,46.2117,-70.4811,66.31,50,54,8.05
446,Bubaque,GW,2021-07-22 20:40:07,11.2833,-15.8333,80.65,85,20,16.46
447,Ciudad Guayana,VE,2021-07-22 20:40:08,8.3533,-62.6528,82.65,80,84,5.23
448,Kavieng,PG,2021-07-22 20:39:35,-2.5744,150.7967,82.17,79,55,13.18
449,Crestview,US,2021-07-22 20:40:08,30.7621,-86.5705,95.77,53,20,8.01
450,Mastic Beach,US,2021-07-22 20:40:09,40.7668,-72.8521,83.57,59,1,5.01
451,Armizonskoye,RU,2021-07-22 20:40:09,55.9461,67.6736,70.14,63,0,11.99
452,Hanzhong,CN,2021-07-22 20:40:09,33.0728,107.0303,71.28,95,38,2.28
453,Palasa,IN,2021-07-22 20:40:10,18.7667,84.4167,81.36,84,100,3.69
454,Solwezi,ZM,2021-07-22 20:40:10,-12.1688,26.3894,57.63,44,0,3.58
455,Skegness,GB,2021-07-22 20:40:10,53.1436,0.3363,68.22,87,0,9.42
456,Trairi,BR,2021-07-22 20:38:01,-3.2778,-39.2689,79.56,76,7,15.37
457,Abu Dhabi,AE,2021-07-22 20:36:07,24.4667,54.3667,98.71,47,0,3.44
458,San Pedro,PH,2021-07-22 20:40:11,14.35,121.0167,80.15,94,75,6.91
459,Sinop,TR,2021-07-22 20:40:11,41.7711,34.8709,63.97,78,19,8.46
460,Fortuna,US,2021-07-22 20:40:12,40.5982,-124.1573,83.43,73,1,5.01
461,Cabo San Lucas,MX,2021-07-22 20:35:44,22.8909,-109.9124,100.51,60,1,7.0
462,Ust-Tsilma,RU,2021-07-22 20:40:12,65.441,52.1498,52.09,68,98,5.86
463,Flin Flon,CA,2021-07-22 20:40:12,54.7682,-101.865,76.84,73,90,9.22
464,Alirajpur,IN,2021-07-22 20:40:13,22.3031,74.3546,80.82,80,100,5.64
465,Asau,RO,2021-07-22 20:40:13,46.4333,26.4,61.72,90,26,4.18
466,Porbandar,IN,2021-07-22 20:40:14,21.6422,69.6093,82.71,85,99,17.63
467,Ilhabela,BR,2021-07-22 20:40:14,-23.7781,-45.3581,63.48,77,1,3.6
468,Ugoofaaru,MV,2021-07-22 20:40:14,5.6667,73.0,82.27,77,100,16.96
469,San Ramon,US,2021-07-22 20:38:31,37.7799,-121.978,91.94,42,1,7.0
470,Ullapool,GB,2021-07-22 20:40:15,57.8987,-5.1604,59.95,86,30,3.18
471,Quzhou,CN,2021-07-22 20:40:15,28.9594,118.8686,74.46,95,32,4.18
472,Boulder City,US,2021-07-22 20:40:15,35.9786,-114.8325,104.65,20,1,25.32
473,Grants Pass,US,2021-07-22 20:40:16,42.439,-123.3284,86.36,29,1,1.01
474,Balaipungut,ID,2021-07-22 20:40:16,1.05,101.2833,75.96,87,92,1.77
475,Los Llanos De Aridane,ES,2021-07-22 20:40:17,28.6585,-17.9182,71.35,90,0,12.66
476,Cockburn Town,TC,2021-07-22 20:36:16,21.4612,-71.1419,82.09,80,64,17.45
477,Waipawa,NZ,2021-07-22 20:40:18,-41.4122,175.5153,47.03,81,42,4.99
478,Alice Springs,AU,2021-07-22 20:39:13,-23.7,133.8833,47.75,57,36,5.75
479,Acapetahua,MX,2021-07-22 20:40:18,15.2833,-92.7,89.6,63,74,2.82
480,Jidvei,RO,2021-07-22 20:40:18,46.2167,24.1,67.41,67,69,1.23
481,Verkhovye,RU,2021-07-22 20:40:19,52.8119,37.2425,54.39,68,2,8.05
482,Inhambane,MZ,2021-07-22 20:40:11,-23.865,35.3833,65.48,46,0,12.53
483,Aklavik,CA,2021-07-22 20:40:19,68.2191,-135.0107,56.12,88,90,16.11
484,Gladstone,AU,2021-07-22 20:40:20,-23.85,151.25,49.93,87,24,6.91
485,Gaziantep,TR,2021-07-22 20:40:20,37.0594,37.3825,84.13,39,0,10.36
486,Nouadhibou,MR,2021-07-22 20:40:21,20.931,-17.0347,69.78,83,0,13.8
487,Altay,CN,2021-07-22 20:40:21,47.8667,88.1167,75.07,37,100,8.39
488,Belmonte,BR,2021-07-22 20:40:21,-15.8631,-38.8828,77.0,74,57,11.45
489,Ola,RU,2021-07-22 20:40:22,59.5833,151.2833,53.19,93,100,3.47
490,Ferrol,ES,2021-07-22 20:40:22,43.4832,-8.2369,66.09,90,14,2.64
491,Dubrovka,RU,2021-07-22 20:40:22,53.6907,33.5071,55.38,66,0,5.26
492,Batagay,RU,2021-07-22 20:40:23,67.6333,134.6333,58.8,66,24,2.98
493,Ketchikan,US,2021-07-22 20:40:23,55.3422,-131.6461,57.67,88,90,13.8
494,Acobamba,PE,2021-07-22 20:40:23,-11.3525,-75.6594,58.62,54,22,10.96
495,Zhezkazgan,KZ,2021-07-22 20:40:24,47.8043,67.7144,74.82,36,0,11.1
496,Bilibino,RU,2021-07-22 20:38:08,68.0546,166.4372,59.61,38,100,2.82
497,Verkhnyaya Inta,RU,2021-07-22 20:40:20,65.9811,60.3094,45.7,61,7,9.1
498,Maputo,MZ,2021-07-22 20:40:24,-25.9653,32.5892,58.68,67,20,11.5
499,Cap-Aux-Meules,CA,2021-07-22 20:40:25,47.3821,-61.8597,59.05,100,90,13.8
500,Yakima,US,2021-07-22 20:39:07,46.4665,-120.6678,82.85,26,1,5.75
501,Sur,OM,2021-07-22 20:39:30,22.5667,59.5289,92.97,47,8,11.14
502,Yerbogachen,RU,2021-07-22 20:40:25,61.2767,108.0108,56.46,95,100,3.53
503,Matay,EG,2021-07-22 20:40:26,28.419,30.7792,86.09,45,0,14.34
504,Otradnoye,RU,2021-07-22 20:40:26,59.7775,30.8181,64.96,79,94,4.29
505,Hay River,CA,2021-07-22 20:36:56,60.8156,-115.7999,60.78,94,75,2.3
506,Jackson,US,2021-07-22 20:38:42,42.4165,-122.8345,84.92,33,1,0.0
507,Boundiali,CI,2021-07-22 20:40:27,9.5217,-6.4869,71.89,92,99,3.42
508,Deputatskiy,RU,2021-07-22 20:40:27,69.3,139.9,52.83,67,86,3.94
509,Porto Santo,PT,2021-07-22 20:40:27,33.072,-16.3415,73.31,83,40,23.02
510,Asyut,EG,2021-07-22 20:40:28,27.181,31.1837,91.58,28,0,11.88
511,Comendador,DO,2021-07-22 20:40:28,18.8775,-71.7028,86.38,54,49,9.95
512,Aguimes,ES,2021-07-22 20:40:28,27.9054,-15.4461,75.83,31,20,27.63
513,Mayo,US,2021-07-22 20:40:29,38.8876,-76.5119,85.35,46,75,1.99
514,Pontianak,ID,2021-07-22 20:40:29,-0.0333,109.3333,76.98,94,90,1.14
515,Seoul,KR,2021-07-22 20:35:55,37.5683,126.9778,80.04,83,0,1.14
516,Sutysky,UA,2021-07-22 20:40:30,49.0425,28.4173,57.58,73,0,5.97
517,Santa Luzia,BR,2021-07-22 20:40:30,-19.7697,-43.8514,71.74,51,0,12.66
518,Mgandu,TZ,2021-07-22 20:40:31,-5.95,34.1333,63.84,61,52,9.24
519,Grand Gaube,MU,2021-07-22 20:38:06,-20.0064,57.6608,70.2,72,66,5.99
520,Christchurch,NZ,2021-07-22 20:36:09,-43.5333,172.6333,39.0,95,90,0.0
521,Bulnes,CL,2021-07-22 20:40:31,-36.7423,-72.2985,50.88,62,100,4.92
522,Henties Bay,NA,2021-07-22 20:40:32,-22.116,14.2845,54.86,70,0,4.43
523,Luanda,AO,2021-07-22 20:38:34,-8.8368,13.2343,73.4,83,40,8.05
524,Cassilandia,BR,2021-07-22 20:37:47,-19.1133,-51.7342,77.47,26,0,5.7
525,Taksimo,RU,2021-07-22 20:40:32,56.3444,114.8794,62.02,91,100,1.92
526,Coracao De Jesus,BR,2021-07-22 20:40:33,-16.6853,-44.365,71.78,30,68,6.44
527,Suntar,RU,2021-07-22 20:40:33,62.1444,117.6319,62.29,81,52,4.34
528,Fort Nelson,CA,2021-07-22 20:40:33,58.8053,-122.7002,58.59,94,90,6.91
529,Turukhansk,RU,2021-07-22 20:40:34,65.8167,87.9833,59.95,97,100,5.93
530,Balakirevo,RU,2021-07-22 20:40:34,56.5059,38.8432,59.04,59,88,5.5
531,Cochabamba,BO,2021-07-22 20:36:47,-17.3895,-66.1568,78.55,15,20,6.91
532,Road Town,VG,2021-07-22 20:36:49,18.4167,-64.6167,86.2,70,20,12.66
533,Bonthe,SL,2021-07-22 20:40:35,7.5264,-12.505,76.05,90,78,7.72
534,Praia Da Vitoria,PT,2021-07-22 20:40:35,38.7333,-27.0667,72.75,68,40,12.39
535,Oussouye,SN,2021-07-22 20:40:36,12.485,-16.5469,80.78,80,42,9.31
536,Atar,MR,2021-07-22 20:40:36,20.5169,-13.0499,91.18,14,3,6.89
537,Orichi,RU,2021-07-22 20:40:37,58.4036,49.0572,50.74,71,16,4.16
538,Keti Bandar,PK,2021-07-22 20:40:37,24.1447,67.4497,84.24,77,100,14.5
539,Petersburg,US,2021-07-22 20:36:23,37.2279,-77.4019,87.96,49,75,0.0
540,Buraydah,SA,2021-07-22 20:40:38,26.326,43.975,99.05,15,48,11.14
541,Ayan,RU,2021-07-22 20:40:38,56.45,138.1667,64.53,78,54,5.93
542,Vanavara,RU,2021-07-22 20:40:38,60.34,102.2797,56.01,94,83,3.15
543,Hofn,IS,2021-07-22 20:40:12,64.2539,-15.2082,53.65,93,100,6.26
544,Mitu,CO,2021-07-22 20:40:00,1.1983,-70.1733,77.7,95,63,2.42
545,Pingzhuang,CN,2021-07-22 20:40:39,42.0372,119.2889,66.52,93,38,5.73
546,Cayenne,GF,2021-07-22 20:40:40,4.9333,-52.3333,87.1,74,0,1.01
547,Lithgow,AU,2021-07-22 20:40:40,-33.4833,150.15,40.86,97,100,8.34
548,Cozumel,MX,2021-07-22 20:40:40,20.5083,-86.9458,89.67,68,20,5.01
549,Pangkalanbuun,ID,2021-07-22 20:40:41,-2.6833,111.6167,71.92,95,65,1.36
550,Kamenka,RU,2021-07-22 20:40:41,51.3223,42.7678,60.76,79,81,7.78
551,Kolokani,ML,2021-07-22 20:40:41,13.5728,-8.0339,80.82,70,55,8.68
552,Selishche,RU,2021-07-22 20:40:42,56.8879,33.2691,56.53,70,42,7.18
553,Kachug,RU,2021-07-22 20:40:42,53.9606,105.8817,55.08,91,22,3.06
554,Asosa,ET,2021-07-22 20:40:42,10.0667,34.5333,61.5,91,100,2.75
555,Anadyr,RU,2021-07-22 20:40:43,64.75,177.4833,52.3,66,0,11.01
556,Pitimbu,BR,2021-07-22 20:40:43,-7.4706,-34.8086,77.59,80,50,15.84
557,Grand-Santi,GF,2021-07-22 20:40:43,4.25,-54.3833,80.85,78,100,2.53
558,San Rafael,AR,2021-07-22 20:40:35,-34.6177,-68.3301,67.37,19,100,8.14
559,Santa Cruz,BO,2021-07-22 20:37:50,-17.8,-63.1667,86.05,32,0,16.11
560,Broome,US,2021-07-22 20:40:44,42.2506,-75.833,75.7,57,1,1.99
561,Nhulunbuy,AU,2021-07-22 20:40:44,-12.2333,136.7667,68.61,94,26,0.0
562,Yulara,AU,2021-07-22 20:40:45,-25.2406,130.9889,46.24,66,2,8.05
563,Puerto Madryn,AR,2021-07-22 20:40:45,-42.7692,-65.0385,60.3,35,100,9.31
564,Svetlogorsk,BY,2021-07-22 20:40:45,52.6333,29.7333,56.77,71,0,7.02
565,Bodmin,GB,2021-07-22 20:40:46,50.4715,-4.7243,69.76,68,83,13.8
566,Faya,SA,2021-07-22 20:40:46,18.3851,42.4509,62.71,74,98,8.41
567,Marseille,FR,2021-07-22 20:36:19,43.3333,5.5,74.66,68,0,2.46
568,Mayumba,GA,2021-07-22 20:40:47,-3.432,10.6554,71.71,85,76,6.42
569,Saint-Francois,FR,2021-07-22 20:40:47,46.4154,3.9054,69.24,69,0,2.3
570,Mount Isa,AU,2021-07-22 20:40:48,-20.7333,139.5,56.97,51,89,4.61
571,Kinston,US,2021-07-22 20:36:49,35.2627,-77.5816,89.01,62,40,5.75
572,San Carlos De Bariloche,AR,2021-07-22 20:40:25,-41.1456,-71.3082,53.35,58,75,17.27
573,Uglovskoye,RU,2021-07-22 20:40:48,51.3557,80.1942,71.22,54,99,7.38
574,Soverato,IT,2021-07-22 20:40:49,38.685,16.5499,78.75,87,3,9.48
575,Wanning,CN,2021-07-22 20:40:49,18.8003,110.3967,78.71,88,100,5.53
576,Shenkursk,RU,2021-07-22 20:40:49,62.1091,42.896,50.85,92,94,4.03
577,Georgiyevka,KZ,2021-07-22 20:40:50,43.0369,74.7114,73.44,49,75,6.71
578,Hovd,MN,2021-07-22 20:40:27,48.0056,91.6419,73.36,26,99,4.99
579,Sibu,MY,2021-07-22 20:40:50,2.3,111.8167,77.31,100,20,3.0
580,Sretensk,RU,2021-07-22 20:40:51,52.2453,117.7093,63.63,99,98,2.64
581,La Palma,US,2021-07-22 20:40:51,33.8464,-118.0467,104.02,61,75,4.0
